-- ==========================================
-- Dummy Data Seed Script for Dehus App
-- Run this in your Supabase SQL Editor
-- ==========================================

-- 1. Insert Dummy Schools
INSERT INTO public.schools (
  id,
  name,
  phone,
  county,
  "focusAreas",
  book_category,
  latitude,
  longitude,
  photo_url,
  photo_path,
  capture_status,
  captured_by,
  captured_at,
  "isSynced"
)
VALUES 
  ('22222222-2222-2222-2222-222222222222', 'Nairobi Primary School', '0712345678', 'Nairobi', '["Mathematics", "Science"]'::jsonb, 'Book List', -1.2921, 36.8219, 'https://images.unsplash.com/photo-1503676260728-1c00da094a0b', 'schools/nairobi-primary.jpg', 'GPS updated successfully', '11111111-1111-1111-1111-111111111111', now() - interval '1 day', true),
  ('33333333-3333-3333-3333-333333333333', 'Mombasa High School', '0723456789', 'Mombasa', '["Languages", "Arts"]'::jsonb, 'Book Fund', -4.0435, 39.6682, 'https://images.unsplash.com/photo-1523050854058-8df90110c9f1', 'schools/mombasa-high.jpg', 'Photo captured successfully', '11111111-1111-1111-1111-111111111111', now() - interval '1 day', true),
  ('44444444-4444-4444-4444-444444444444', 'Kisumu Boys', '0734567890', 'Kisumu', '["Sports", "Science"]'::jsonb, NULL, -0.1022, 34.7617, NULL, NULL, 'Location not captured yet', '11111111-1111-1111-1111-111111111111', now() - interval '1 day', true),
  ('55555555-5555-5555-5555-555555555555', 'Nakuru Girls', '0745678901', 'Nakuru', '["Mathematics", "Business"]'::jsonb, 'Book List', -0.3031, 36.0800, 'https://images.unsplash.com/photo-1497486751825-1233686d5d80', 'schools/nakuru-girls.jpg', 'GPS updated successfully', '11111111-1111-1111-1111-111111111111', now() - interval '1 day', true),
  ('66666666-6666-6666-6666-666666666666', 'Eldoret Academy', '0756789012', 'Uasin Gishu', '["Agriculture", "Science"]'::jsonb, NULL, 0.5143, 35.2698, NULL, NULL, 'Photo captured successfully', '11111111-1111-1111-1111-111111111111', now() - interval '1 day', true)
ON CONFLICT (id) DO UPDATE
SET name = excluded.name,
    phone = excluded.phone,
    county = excluded.county,
    "focusAreas" = excluded."focusAreas",
    book_category = excluded.book_category,
    latitude = excluded.latitude,
    longitude = excluded.longitude,
    photo_url = excluded.photo_url,
    photo_path = excluded.photo_path,
    capture_status = excluded.capture_status,
    captured_by = excluded.captured_by,
    captured_at = excluded.captured_at,
    "isSynced" = excluded."isSynced";

-- 2. Insert Dummy Tasks
-- Note: We assign these to roles (e.g., target_role = 2, 3, or 4) so they show up for everyone in those roles
INSERT INTO public.tasks (title, description, target_role, status, due_at, "isSynced")
VALUES
  ('Follow up with Nairobi Primary', 'Discuss the new curriculum books.', 2, 'open', now() + interval '2 days', true),
  ('Deliver supplies to Mombasa High', 'Ensure all requested materials are delivered.', 3, 'open', now() + interval '5 days', true),
  ('Check in on Kisumu Boys', 'Monthly routine check-in.', 3, 'in_progress', now() + interval '1 day', true),
  ('Nakuru Girls Evaluation', 'Evaluate the newly introduced testing methods.', 2, 'open', now() + interval '7 days', true),
  ('Eldoret Academy Proposal', 'Present the new business proposal to the principal.', 3, 'closed', now() - interval '1 day', true),
  ('Quarterly Regional Review', 'Review quarterly numbers for all coastal schools.', 2, 'open', now() + interval '14 days', true);

-- 3. Insert Dummy Geofences
-- Coordinates are stored as a JSONB array of objects matching your flutter map data structure
INSERT INTO public.geofences (name, description, coordinates)
VALUES
  ('Nairobi CBD Zone', 'Cover all schools within the central business district.', '[{"lat": -1.286389, "lng": 36.817223, "radius": 2000}]'::jsonb),
  ('Mombasa Island Area', 'Target coastal schools.', '[{"lat": -4.043477, "lng": 39.668206, "radius": 3500}]'::jsonb),
  ('Kisumu Lakefront', 'Schools near the lake area.', '[{"lat": -0.102210, "lng": 34.761713, "radius": 1500}]'::jsonb),
  ('Nakuru Town Center', 'Coverage area for central Nakuru.', '[{"lat": -0.303099, "lng": 36.080025, "radius": 2500}]'::jsonb);

-- ==========================================
-- 4. Insert Dummy Users with Different Roles
-- ==========================================
-- We insert directly into Supabase's auth.users table so they can actually log in.
-- Your database triggers will automatically map them into the public.users table.
--
-- All generated users use the password: password123
-- Add "region" to raw_user_meta_data if you want the trigger to populate users.region.

INSERT INTO auth.users (id, instance_id, aud, role, email, encrypted_password, email_confirmed_at, raw_app_meta_data, raw_user_meta_data, created_at, updated_at)
VALUES
  (gen_random_uuid(), '00000000-0000-0000-0000-000000000000', 'authenticated', 'authenticated', 'alice.manager@example.com', crypt('password123', gen_salt('bf')), now(), '{"provider":"email","providers":["email"]}', '{"full_name": "Alice Manager", "role": 2, "region": "Nairobi"}', now(), now()),
  (gen_random_uuid(), '00000000-0000-0000-0000-000000000000', 'authenticated', 'authenticated', 'bob.bas@example.com', crypt('password123', gen_salt('bf')), now(), '{"provider":"email","providers":["email"]}', '{"full_name": "Bob BAS", "role": 3, "region": "Coast"}', now(), now()),
  (gen_random_uuid(), '00000000-0000-0000-0000-000000000000', 'authenticated', 'authenticated', 'charlie.agent@example.com', crypt('password123', gen_salt('bf')), now(), '{"provider":"email","providers":["email"]}', '{"full_name": "Charlie Agent", "role": 4, "region": "Rift Valley"}', now(), now()),
  (gen_random_uuid(), '00000000-0000-0000-0000-000000000000', 'authenticated', 'authenticated', 'diana.sales@example.com', crypt('password123', gen_salt('bf')), now(), '{"provider":"email","providers":["email"]}', '{"full_name": "Diana Sales", "role": 2, "region": "Western"}', now(), now()),
  (gen_random_uuid(), '00000000-0000-0000-0000-000000000000', 'authenticated', 'authenticated', 'edward.other@example.com', crypt('password123', gen_salt('bf')), now(), '{"provider":"email","providers":["email"]}', '{"full_name": "Edward Grounds", "role": 5, "region": "Nyanza"}', now(), now())
ON CONFLICT DO NOTHING;

-- 4b. Dedicated field-agent workload data
-- Fixed UUID keeps the agent-linked tasks and geofence references stable across reruns.
INSERT INTO auth.users (id, instance_id, aud, role, email, encrypted_password, email_confirmed_at, raw_app_meta_data, raw_user_meta_data, created_at, updated_at)
VALUES
  ('11111111-1111-1111-1111-111111111111', '00000000-0000-0000-0000-000000000000', 'authenticated', 'authenticated', 'faith.agent@example.com', crypt('password123', gen_salt('bf')), now(), '{"provider":"email","providers":["email"]}', '{"full_name": "Faith Agent", "role": 4, "region": "Nairobi"}', now(), now())
ON CONFLICT (id) DO NOTHING;

INSERT INTO public.tasks (title, description, target_role, assigned_to, status, due_at, "isSynced")
VALUES
  ('Visit Nairobi Primary School', 'Confirm the current book list and capture the headteacher feedback.', 4, '11111111-1111-1111-1111-111111111111', 'open', now() + interval '1 day', true),
  ('Follow up with Makueni High School', 'Call the school and confirm the book fund decision.', 4, '11111111-1111-1111-1111-111111111111', 'open', now() + interval '2 days', true),
  ('Sell book fund package to Bora Education Centre', 'Present the offer and record the response.', 4, '11111111-1111-1111-1111-111111111111', 'in_progress', now() + interval '3 days', true),
  ('Check sample delivery for Green Pastures Academy', 'Make sure sample books were received and logged.', 4, '11111111-1111-1111-1111-111111111111', 'open', now() + interval '4 days', true);

INSERT INTO public.geofences (name, description, coordinates, assigned_to)
VALUES
  ('Nairobi Field Agent Zone', 'Primary school coverage for the Nairobi field agent.', '[{"lat": -1.2921, "lng": 36.8219, "radius": 4000}]'::jsonb, '11111111-1111-1111-1111-111111111111'),
  ('Kiambu Visit Corridor', 'Support schools along the Kiambu route.', '[{"lat": -1.1714, "lng": 36.8356, "radius": 2500}]'::jsonb, '11111111-1111-1111-1111-111111111111');

INSERT INTO public.route_plans (
  id,
  title,
  route_date,
  assigned_to,
  school_ids,
  notes,
  status,
  created_by,
  "isSynced"
)
VALUES
  (
    '77777777-7777-7777-7777-777777777777',
    'Faith Agent Route Plan',
    current_date,
    '11111111-1111-1111-1111-111111111111',
    '["22222222-2222-2222-2222-222222222222", "33333333-3333-3333-3333-333333333333", "55555555-5555-5555-5555-555555555555"]'::jsonb,
    'Morning route covering Nairobi Primary, Mombasa High and Nakuru Girls.',
    'assigned',
    '11111111-1111-1111-1111-111111111111',
    true
  ),
  (
    '88888888-8888-8888-8888-888888888888',
    'BAS Coastal Route Plan',
    current_date + 1,
    '11111111-1111-1111-1111-111111111111',
    '["33333333-3333-3333-3333-333333333333", "44444444-4444-4444-4444-444444444444"]'::jsonb,
    'Follow-up route with Mombasa and Kisumu school visits.',
    'draft',
    '11111111-1111-1111-1111-111111111111',
    true
  )
ON CONFLICT (id) DO UPDATE
SET title = excluded.title,
    route_date = excluded.route_date,
    assigned_to = excluded.assigned_to,
    school_ids = excluded.school_ids,
    notes = excluded.notes,
    status = excluded.status,
    "isSynced" = excluded."isSynced";

INSERT INTO public.school_visits (
  school_id,
  agent_id,
  outcome,
  notes,
  photo_url,
  photo_path,
  latitude,
  longitude,
  visit_status,
  visited_at,
  "isSynced"
)
VALUES
  ('22222222-2222-2222-2222-222222222222', '11111111-1111-1111-1111-111111111111', 'Principal interested in book list', 'Reviewed the English and Mathematics book list and captured follow-up needs.', 'https://images.unsplash.com/photo-1524178232363-1fb2b075b655', 'visits/nairobi-primary-2026-05-09.jpg', -1.292100, 36.821900, 'completed', now() - interval '1 day', true),
  ('33333333-3333-3333-3333-333333333333', '11111111-1111-1111-1111-111111111111', 'Book fund discussed', 'The school requested a formal package presentation next week.', 'https://images.unsplash.com/photo-1504384308090-c894fdcc538d', 'visits/mombasa-high-2026-05-08.jpg', -4.043500, 39.668200, 'completed', now() - interval '3 days', true),
  ('55555555-5555-5555-5555-555555555555', '11111111-1111-1111-1111-111111111111', 'Sample delivery confirmed', 'Sample books delivered and logged by the librarian.', NULL, NULL, -0.303100, 36.080000, 'completed', now() - interval '5 days', true),
  ('44444444-4444-4444-4444-444444444444', '11111111-1111-1111-1111-111111111111', 'Initial introduction visit', 'Met the deputy principal and left a price list for the book list package.', 'https://images.unsplash.com/photo-1488190211105-8b0e65b80b4e', 'visits/kisumu-boys-2026-05-06.jpg', -0.102200, 34.761700, 'completed', now() - interval '7 days', true),
  ('66666666-6666-6666-6666-666666666666', '11111111-1111-1111-1111-111111111111', 'Follow-up visit on proposal', 'Reviewed the book fund quotation and answered questions about delivery timelines.', NULL, 'visits/eldoret-academy-2026-05-04.jpg', 0.514300, 35.269800, 'completed', now() - interval '9 days', true);

INSERT INTO public.school_follow_ups (
  school_id,
  agent_id,
  contact_person,
  next_step,
  due_at,
  notes,
  follow_up_status,
  completed_at,
  "isSynced"
)
VALUES
  ('44444444-4444-4444-4444-444444444444', '11111111-1111-1111-1111-111111111111', 'Deputy Principal', 'Confirm book list choice and pricing.', now() + interval '2 days', 'Left the school with a brochure and sample request form.', 'open', NULL, true),
  ('33333333-3333-3333-3333-333333333333', '11111111-1111-1111-1111-111111111111', 'Procurement Lead', 'Send book fund proposal via email.', now() + interval '1 day', 'Awaiting budget approval.', 'open', NULL, true),
  ('66666666-6666-6666-6666-666666666666', '11111111-1111-1111-1111-111111111111', 'Head Teacher', 'Schedule a follow-up call after the staff meeting.', now() + interval '4 days', 'Initial visit was positive.', 'open', NULL, true),
  ('22222222-2222-2222-2222-222222222222', '11111111-1111-1111-1111-111111111111', 'Head of Department', 'Confirm teacher sample feedback and next steps.', now() + interval '3 days', 'Waiting for the head teacher to approve the quote.', 'open', NULL, true),
  ('55555555-5555-5555-5555-555555555555', '11111111-1111-1111-1111-111111111111', 'Library Assistant', 'Check if the book list order can be placed this week.', now() + interval '5 days', 'The library team asked for a revised package summary.', 'open', NULL, true);

INSERT INTO public.school_sales (
  school_id,
  agent_id,
  package_name,
  expected_value,
  notes,
  sale_status,
  closed_at,
  "isSynced"
)
VALUES
  ('33333333-3333-3333-3333-333333333333', '11111111-1111-1111-1111-111111111111', 'Book Fund Starter Package', 15000.00, 'Proposal shared during visit; awaiting confirmation.', 'pipeline', NULL, true),
  ('55555555-5555-5555-5555-555555555555', '11111111-1111-1111-1111-111111111111', 'Book List Bundle', 9800.00, 'Request received from the principal for a refined quote.', 'pipeline', NULL, true),
  ('22222222-2222-2222-2222-222222222222', '11111111-1111-1111-1111-111111111111', 'Core Reader Package', 7200.00, 'Sale agreed in principle, waiting on payment date.', 'won', now() - interval '2 hours', true),
  ('44444444-4444-4444-4444-444444444444', '11111111-1111-1111-1111-111111111111', 'Starter School Bundle', 5600.00, 'Quoted during the first school visit and shared with the department head.', 'pipeline', NULL, true),
  ('66666666-6666-6666-6666-666666666666', '11111111-1111-1111-1111-111111111111', 'Premium Book Fund Package', 22000.00, 'Proposal delivered after the follow-up meeting.', 'draft', NULL, true);

INSERT INTO public.school_sample_distributions (
  school_id,
  agent_id,
  sample_name,
  sample_category,
  quantity,
  notes,
  distributed_at,
  "isSynced"
)
VALUES
  ('22222222-2222-2222-2222-222222222222', '11111111-1111-1111-1111-111111111111', 'Grade 1 Reader Pack', 'Primary', 2, 'Handed to the English panel lead.', now() - interval '1 day', true),
  ('33333333-3333-3333-3333-333333333333', '11111111-1111-1111-1111-111111111111', 'Teacher Guide Kit', 'Reference', 1, 'Left with the procurement desk.', now() - interval '3 days', true),
  ('55555555-5555-5555-5555-555555555555', '11111111-1111-1111-1111-111111111111', 'Story Books Pack', 'Primary', 3, 'Sample set used for classroom demo.', now() - interval '5 days', true),
  ('44444444-4444-4444-4444-444444444444', '11111111-1111-1111-1111-111111111111', 'Science Reader Sample', 'Secondary', 2, 'Used during the deputy principal demonstration.', now() - interval '7 days', true),
  ('66666666-6666-6666-6666-666666666666', '11111111-1111-1111-1111-111111111111', 'Book Fund Overview Pack', 'Proposal', 1, 'Left with the head teacher after the presentation.', now() - interval '9 days', true);

-- 4c. Role 5 / grounds person demo data
-- This lets the same alerts view render with real assignments for role 5 users too.
INSERT INTO auth.users (id, instance_id, aud, role, email, encrypted_password, email_confirmed_at, raw_app_meta_data, raw_user_meta_data, created_at, updated_at)
VALUES
  ('bbbbbbbb-bbbb-bbbb-bbbb-bbbbbbbbbbbb', '00000000-0000-0000-0000-000000000000', 'authenticated', 'authenticated', 'grounds.role5@example.com', crypt('password123', gen_salt('bf')), now(), '{"provider":"email","providers":["email"]}', '{"full_name": "Grounds Role5", "role": 5, "region": "Nyanza"}', now(), now())
ON CONFLICT (id) DO NOTHING;

INSERT INTO public.tasks (title, description, target_role, assigned_to, status, due_at, "isSynced")
VALUES
  ('Inspect Nyanza school route', 'Verify access roads and confirm the route timing for the day.', 5, 'bbbbbbbb-bbbb-bbbb-bbbb-bbbbbbbbbbbb', 'open', now() + interval '1 day', true),
  ('Check delivery point at Kisumu Boys', 'Confirm the unloading area and school contact point.', 5, 'bbbbbbbb-bbbb-bbbb-bbbb-bbbbbbbbbbbb', 'open', now() + interval '2 days', true);

INSERT INTO public.geofences (id, name, description, coordinates, assigned_to)
VALUES
  (
    '99999999-9999-9999-9999-999999999999',
    'Nyanza Grounds Coverage',
    'Coverage area for the role 5 demo user.',
    '[{"lat": -0.102210, "lng": 34.761713, "radius": 3000}]'::jsonb,
    'bbbbbbbb-bbbb-bbbb-bbbb-bbbbbbbbbbbb'
  )
ON CONFLICT (id) DO UPDATE
SET name = excluded.name,
    description = excluded.description,
    coordinates = excluded.coordinates,
    assigned_to = excluded.assigned_to;

INSERT INTO public.route_plans (
  id,
  title,
  route_date,
  assigned_to,
  school_ids,
  notes,
  status,
  created_by,
  "isSynced"
)
VALUES
  (
    'aaaaaaaa-aaaa-aaaa-aaaa-aaaaaaaaaaaa',
    'Role 5 Daily Route',
    current_date,
    'bbbbbbbb-bbbb-bbbb-bbbb-bbbbbbbbbbbb',
    '["44444444-4444-4444-4444-444444444444", "55555555-5555-5555-5555-555555555555"]'::jsonb,
    'Grounds run covering Kisumu Boys and Nakuru Girls.',
    'assigned',
    'bbbbbbbb-bbbb-bbbb-bbbb-bbbbbbbbbbbb',
    true
  )
ON CONFLICT (id) DO UPDATE
SET title = excluded.title,
    route_date = excluded.route_date,
    assigned_to = excluded.assigned_to,
    school_ids = excluded.school_ids,
    notes = excluded.notes,
    status = excluded.status,
    "isSynced" = excluded."isSynced";

INSERT INTO public.school_visits (
  school_id,
  agent_id,
  outcome,
  notes,
  photo_url,
  photo_path,
  latitude,
  longitude,
  visit_status,
  visited_at,
  "isSynced"
)
VALUES
  (
    '44444444-4444-4444-4444-444444444444',
    'bbbbbbbb-bbbb-bbbb-bbbb-bbbbbbbbbbbb',
    'Route checked and marked safe',
    'Confirmed the road condition and left a message with the school contact.',
    NULL,
    'visits/kisumu-boys-route-check.jpg',
    -0.102200,
    34.761700,
    'completed',
    now() - interval '1 day',
    true
  );

INSERT INTO public.school_follow_ups (
  school_id,
  agent_id,
  contact_person,
  next_step,
  due_at,
  notes,
  follow_up_status,
  completed_at,
  "isSynced"
)
VALUES
  (
    '55555555-5555-5555-5555-555555555555',
    'bbbbbbbb-bbbb-bbbb-bbbb-bbbbbbbbbbbb',
    'Grounds Supervisor',
    'Confirm the school gate opening time.',
    now() + interval '2 days',
    'Follow-up needed before the delivery truck leaves.',
    'open',
    NULL,
    true
  );

INSERT INTO public.school_sales (
  school_id,
  agent_id,
  package_name,
  expected_value,
  notes,
  sale_status,
  closed_at,
  "isSynced"
)
VALUES
  (
    '44444444-4444-4444-4444-444444444444',
    'bbbbbbbb-bbbb-bbbb-bbbb-bbbbbbbbbbbb',
    'Grounds Support Log',
    1500.00,
    'Logged the route support cost for the day.',
    'draft',
    NULL,
    true
  );

INSERT INTO public.school_sample_distributions (
  school_id,
  agent_id,
  sample_name,
  sample_category,
  quantity,
  notes,
  distributed_at,
  "isSynced"
)
VALUES
  (
    '55555555-5555-5555-5555-555555555555',
    'bbbbbbbb-bbbb-bbbb-bbbb-bbbbbbbbbbbb',
    'Delivery Check Sheet',
    'Operations',
    1,
    'Left with the school office for confirmation.',
    now() - interval '2 days',
    true
  );

INSERT INTO public.catalog_items (
  id,
  name,
  category,
  sku,
  item_type,
  unit_price,
  stock_qty,
  description,
  is_active,
  created_by,
  "isSynced"
)
VALUES
  (
    'f1111111-1111-1111-1111-111111111111',
    'Grade 1 Reader Pack',
    'Primary',
    'SL-PR-01',
    'sale',
    2850.00,
    120,
    'Core sale pack for lower primary.',
    true,
    '11111111-1111-1111-1111-111111111111',
    true
  ),
  (
    'f2222222-2222-2222-2222-222222222222',
    'Teacher Guide Kit',
    'Reference',
    'SL-RF-02',
    'sale',
    2700.00,
    60,
    'Teacher support pack for school sale orders.',
    true,
    '11111111-1111-1111-1111-111111111111',
    true
  ),
  (
    'f3333333-3333-3333-3333-333333333333',
    'Story Books Pack',
    'Primary',
    'SMPL-PR-01',
    'sample',
    0.00,
    16,
    'Starter reading sample for classroom demonstrations.',
    true,
    '11111111-1111-1111-1111-111111111111',
    true
  ),
  (
    'f4444444-4444-4444-4444-444444444444',
    'Reference Handbook',
    'Reference',
    'SMPL-RF-02',
    'sample',
    0.00,
    28,
    'Quick reference sample for school sample distribution.',
    true,
    '11111111-1111-1111-1111-111111111111',
    true
  ),
  (
    'f5555555-5555-5555-5555-555555555555',
    'CBC Mathematics Grade 4',
    'Primary',
    'SL-PR-05',
    'sale',
    850.00,
    500,
    'Approved CBC Mathematics course book for Grade 4.',
    true,
    '11111111-1111-1111-1111-111111111111',
    true
  ),
  (
    'f6666666-6666-6666-6666-666666666666',
    'CBC English Grade 4',
    'Primary',
    'SL-PR-06',
    'sale',
    900.00,
    450,
    'Approved CBC English course book for Grade 4.',
    true,
    '11111111-1111-1111-1111-111111111111',
    true
  ),
  (
    'f7777777-7777-7777-7777-777777777777',
    'High School Biology Form 1',
    'Secondary',
    'SL-SEC-01',
    'sale',
    1200.00,
    300,
    'Comprehensive Biology course book for Form 1.',
    true,
    '11111111-1111-1111-1111-111111111111',
    true
  ),
  (
    'f8888888-8888-8888-8888-888888888888',
    'High School Chemistry Form 1',
    'Secondary',
    'SL-SEC-02',
    'sale',
    1250.00,
    320,
    'Comprehensive Chemistry course book for Form 1.',
    true,
    '11111111-1111-1111-1111-111111111111',
    true
  ),
  (
    'f9999999-9999-9999-9999-999999999999',
    'Kiswahili Mufti Grade 5',
    'Primary',
    'SL-PR-07',
    'sale',
    850.00,
    600,
    'Standard Kiswahili textbook for Grade 5.',
    true,
    '11111111-1111-1111-1111-111111111111',
    true
  ),
  (
    'faaaaaaa-aaaa-aaaa-aaaa-aaaaaaaaaaaa',
    'Secondary Science Sample Pack',
    'Secondary',
    'SMPL-SEC-01',
    'sample',
    0.00,
    50,
    'Sample pack containing excerpts from Biology, Chemistry, and Physics.',
    true,
    '11111111-1111-1111-1111-111111111111',
    true
  )
ON CONFLICT (sku) DO UPDATE
SET
  name = excluded.name,
  category = excluded.category,
  item_type = excluded.item_type,
  unit_price = excluded.unit_price,
  stock_qty = excluded.stock_qty,
  description = excluded.description,
  is_active = excluded.is_active,
  created_by = excluded.created_by,
  "isSynced" = excluded."isSynced";

INSERT INTO public.orders (
  id,
  school_id,
  school_name,
  school_phone,
  agent_id,
  order_number,
  payment_method,
  payment_reference,
  checkout_amount,
  status,
  notes,
  submitted_at,
  approved_at
)
VALUES
  (
    'dddddddd-dddd-dddd-dddd-dddddddddddd',
    '22222222-2222-2222-2222-222222222222',
    'Nairobi Primary School',
    '0712345678',
    '11111111-1111-1111-1111-111111111111',
    'ORD-20260509-FAITH-001',
    'mpesa',
    'QWERTY1234',
    8400.00,
    'pending',
    'Package sold after school visit and WhatsApp follow-up.',
    now() - interval '1 day',
    NULL
  ),
  (
    'd1111111-d111-d111-d111-d11111111111',
    '55555555-5555-5555-5555-555555555555',
    'Nakuru Girls',
    '0745678901',
    '11111111-1111-1111-1111-111111111111',
    'ORD-20260509-FAITH-003',
    'bank_transfer',
    'BANK-REF-8888',
    24500.00,
    'approved',
    'High school science books bulk order.',
    now() - interval '4 days',
    now() - interval '3 days'
  ),
  (
    'eeeeeeee-eeee-eeee-eeee-eeeeeeeeeeee',
    '44444444-4444-4444-4444-444444444444',
    'Kisumu Boys',
    '0734567890',
    'bbbbbbbb-bbbb-bbbb-bbbb-bbbbbbbbbbbb',
    'ORD-20260509-ROLE5-001',
    'cash',
    NULL,
    1500.00,
    'paid',
    'Grounds support checkout completed in cash.',
    now() - interval '2 days',
    now() - interval '2 days'
  )
ON CONFLICT (id) DO UPDATE
SET
  school_id = excluded.school_id,
  school_name = excluded.school_name,
  school_phone = excluded.school_phone,
  agent_id = excluded.agent_id,
  order_number = excluded.order_number,
  payment_method = excluded.payment_method,
  payment_reference = excluded.payment_reference,
  checkout_amount = excluded.checkout_amount,
  status = excluded.status,
  notes = excluded.notes,
  submitted_at = excluded.submitted_at,
  approved_at = excluded.approved_at;

INSERT INTO public.order_items (
  id,
  order_id,
  product_name,
  category,
  sku,
  quantity,
  unit_price,
  line_total,
  notes
)
VALUES
  (
    'ddddddd1-dddd-dddd-dddd-dddddddddddd',
    'dddddddd-dddd-dddd-dddd-dddddddddddd',
    'Grade 1 Reader Pack',
    'Primary',
    'SET-PR-01',
    2,
    2850.00,
    5700.00,
    'Included in the school visit order.'
  ),
  (
    'ddddddd2-dddd-dddd-dddd-dddddddddddd',
    'dddddddd-dddd-dddd-dddd-dddddddddddd',
    'Teacher Guide Kit',
    'Reference',
    'SET-RF-03',
    1,
    2700.00,
    2700.00,
    'Support material for the head teacher.'
  ),
  (
    'd1111112-d111-d111-d111-d11111111111',
    'd1111111-d111-d111-d111-d11111111111',
    'High School Biology Form 1',
    'Secondary',
    'SL-SEC-01',
    10,
    1200.00,
    12000.00,
    'Form 1 Biology Class Set'
  ),
  (
    'd1111113-d111-d111-d111-d11111111111',
    'd1111111-d111-d111-d111-d11111111111',
    'High School Chemistry Form 1',
    'Secondary',
    'SL-SEC-02',
    10,
    1250.00,
    12500.00,
    'Form 1 Chemistry Class Set'
  ),
  (
    'eeeeeee1-eeee-eeee-eeee-eeeeeeeeeeee',
    'eeeeeeee-eeee-eeee-eeee-eeeeeeeeeeee',
    'Delivery Check Sheet',
    'Operations',
    'CUSTOM',
    1,
    1500.00,
    1500.00,
    'Grounds support order.'
  )
ON CONFLICT (id) DO UPDATE
SET
  order_id = excluded.order_id,
  product_name = excluded.product_name,
  category = excluded.category,
  sku = excluded.sku,
  quantity = excluded.quantity,
  unit_price = excluded.unit_price,
  line_total = excluded.line_total,
  notes = excluded.notes;

INSERT INTO public.messages (
  id,
  sender_id,
  recipient_id,
  subject,
  body,
  related_school_id,
  related_task_id,
  is_read
)
VALUES
  (
    'cccccccc-cccc-cccc-cccc-cccccccccccc',
    '11111111-1111-1111-1111-111111111111',
    'bbbbbbbb-bbbb-bbbb-bbbb-bbbbbbbbbbbb',
    'Route plan ready',
    'Your route plan for today is ready. Please check the route list and geofence coverage before departure.',
    '44444444-4444-4444-4444-444444444444',
    NULL,
    false
  ),
  (
    'dddddddd-dddd-dddd-dddd-dddddddddddd',
    'bbbbbbbb-bbbb-bbbb-bbbb-bbbbbbbbbbbb',
    '11111111-1111-1111-1111-111111111111',
    'Route check complete',
    'I have confirmed the Kisumu Boys stop and the gate access point. The area is safe for the delivery team.',
    '44444444-4444-4444-4444-444444444444',
    NULL,
    true
  ),
  (
    'eeeeeeee-eeee-eeee-eeee-eeeeeeeeeeee',
    '11111111-1111-1111-1111-111111111111',
    'bbbbbbbb-bbbb-bbbb-bbbb-bbbbbbbbbbbb',
    'Follow up reminder',
    'Please remember to update me after the Nakuru Girls stop with the school feedback.',
    '55555555-5555-5555-5555-555555555555',
    NULL,
    false
  )
ON CONFLICT (id) DO UPDATE
SET sender_id = excluded.sender_id,
    recipient_id = excluded.recipient_id,
    subject = excluded.subject,
    body = excluded.body,
    related_school_id = excluded.related_school_id,
    related_task_id = excluded.related_task_id,
    is_read = excluded.is_read;

UPDATE public.schools
SET
  captured_by = '11111111-1111-1111-1111-111111111111',
  captured_at = now() - interval '1 day',
  capture_status = coalesce(capture_status, 'GPS updated successfully')
WHERE id IN (
  '22222222-2222-2222-2222-222222222222',
  '33333333-3333-3333-3333-333333333333',
  '44444444-4444-4444-4444-444444444444',
  '55555555-5555-5555-5555-555555555555',
  '66666666-6666-6666-6666-666666666666'
);

-- (Optional Failsafe) 
-- If your trigger does not automatically map the 'role' and 'full_name' 
-- from auth.users over to the public.users table, run this update manually:
UPDATE public.users 
SET full_name = auth.users.raw_user_meta_data->>'full_name',
    role = (auth.users.raw_user_meta_data->>'role')::int,
    region = auth.users.raw_user_meta_data->>'region'
FROM auth.users 
WHERE public.users.id = auth.users.id AND public.users.full_name IS NULL;

-- ==========================================
-- 4d. Role 2 / Sales Manager Demo Data
-- ==========================================

INSERT INTO auth.users (id, instance_id, aud, role, email, encrypted_password, email_confirmed_at, raw_app_meta_data, raw_user_meta_data, created_at, updated_at)
VALUES
  ('22222222-aaaa-aaaa-aaaa-222222222222', '00000000-0000-0000-0000-000000000000', 'authenticated', 'authenticated', 'manager.role2@example.com', crypt('password123', gen_salt('bf')), now(), '{"provider":"email","providers":["email"]}', '{"full_name": "Demo Sales Manager", "role": 2, "region": "Nairobi"}', now(), now())
ON CONFLICT (id) DO NOTHING;

INSERT INTO public.tasks (title, description, target_role, assigned_to, status, due_at, "isSynced")
VALUES
  ('Approve pending field orders', 'Review and approve all pending orders submitted by agents this week.', 2, '22222222-aaaa-aaaa-aaaa-222222222222', 'open', now() + interval '1 day', true),
  ('Review Nairobi route plans', 'Ensure all Nairobi schools have assigned agents for the upcoming week.', 2, '22222222-aaaa-aaaa-aaaa-222222222222', 'open', now() + interval '2 days', true);

-- Add an extra pending order for the manager to approve
INSERT INTO public.orders (
  id, school_id, school_name, school_phone, agent_id, order_number, payment_method, payment_reference, checkout_amount, status, notes, submitted_at, approved_at, "isSynced"
)
VALUES
  (
    'f0000000-f000-f000-f000-f00000000000',
    '33333333-3333-3333-3333-333333333333',
    'Mombasa High School',
    '0723456789',
    '11111111-1111-1111-1111-111111111111',
    'ORD-20260510-FAITH-002',
    'bank_transfer',
    'BANK-REF-9999',
    12500.00,
    'pending',
    'Large book fund order, pending manager approval.',
    now() - interval '2 hours',
    NULL,
    true
  )
ON CONFLICT (id) DO UPDATE
SET status = excluded.status,
    "isSynced" = excluded."isSynced";

-- Add a message to the manager
INSERT INTO public.messages (
  id, sender_id, recipient_id, subject, body, related_school_id, is_read, "isSynced"
)
VALUES
  (
    'f1111111-f111-f111-f111-f11111111111',
    '11111111-1111-1111-1111-111111111111',
    '22222222-aaaa-aaaa-aaaa-222222222222',
    'Order Approval Request',
    'Hi Manager, I have submitted a large order for Mombasa High School. Please review and approve the bank slip when possible.',
    '33333333-3333-3333-3333-333333333333',
    false,
    true
  )
ON CONFLICT (id) DO NOTHING;

-- Distribute some of the new dummy sample books
INSERT INTO public.school_sample_distributions (
  school_id, agent_id, sample_name, sample_category, quantity, notes, distributed_at, "isSynced"
)
VALUES
  (
    '55555555-5555-5555-5555-555555555555', 'bbbbbbbb-bbbb-bbbb-bbbb-bbbbbbbbbbbb', 'Secondary Science Sample Pack', 'Secondary', 1, 'Dropped off by Grounds Personnel alongside the main delivery.', now() - interval '2 hours', true
  )
ON CONFLICT DO NOTHING;


-- After running this script:
-- Refresh your Admin Dashboard screen in the app.
-- You should now see 10 Tasks and 6 Geofences listed in the counters!
-- Your Agent Tracker and Assign Task dropdowns will now have 6 users in them!


-- ==========================================
-- 5. Additional Mock Data for Geofence Polygons & Filterable Tasks
-- ==========================================

-- Insert proper Polygon geofences (requires >= 3 points to render a shape on the map)
INSERT INTO public.geofences (id, name, description, coordinates, assigned_to)
VALUES
  (gen_random_uuid(), 'Nairobi South Polygon', 'Detailed polygon mapping for southern Nairobi.', '[{"lat": -1.30, "lng": 36.80}, {"lat": -1.30, "lng": 36.85}, {"lat": -1.35, "lng": 36.85}, {"lat": -1.35, "lng": 36.80}]'::jsonb, '11111111-1111-1111-1111-111111111111'),
  (gen_random_uuid(), 'Mombasa North Coast', 'Polygon for northern coastal region coverage.', '[{"lat": -3.95, "lng": 39.70}, {"lat": -3.95, "lng": 39.75}, {"lat": -4.00, "lng": 39.75}, {"lat": -4.00, "lng": 39.70}]'::jsonb, '22222222-aaaa-aaaa-aaaa-222222222222'),
  (gen_random_uuid(), 'Kisumu Central Grid', 'Triangular grid for Kisumu central field operations.', '[{"lat": -0.09, "lng": 34.75}, {"lat": -0.09, "lng": 34.77}, {"lat": -0.11, "lng": 34.76}]'::jsonb, 'bbbbbbbb-bbbb-bbbb-bbbb-bbbbbbbbbbbb');

-- Insert dummy tasks designed to test the Daily, Weekly, and Monthly dashboard filters
INSERT INTO public.tasks (title, description, target_role, assigned_to, status, due_at, "isSynced")
VALUES
  -- Faith Agent (Role 4)
  ('Daily: Submit EOD Report', 'Submit end-of-day sales report for Nairobi schools.', 4, '11111111-1111-1111-1111-111111111111', 'open', now(), true),
  ('Weekly: Restock Samples', 'Pick up new sample books from the regional warehouse.', 4, '11111111-1111-1111-1111-111111111111', 'open', now() + interval '3 days', true),
  ('Monthly: School Inventory Check', 'Perform a full inventory check of sample distributions for the month.', 4, '11111111-1111-1111-1111-111111111111', 'open', now() + interval '20 days', true),
  
  -- Sales Manager (Role 2)
  ('Daily: Morning Briefing', 'Quick sync with the sales team to review yesterday''s figures.', 2, '22222222-aaaa-aaaa-aaaa-222222222222', 'closed', now(), true),
  ('Monthly: Pipeline Review', 'Review all pipeline sales for the month and close out drafts.', 2, '22222222-aaaa-aaaa-aaaa-222222222222', 'in_progress', now() + interval '14 days', true),

  -- Grounds Person (Role 5)
  ('Daily: Inspect Vehicle', 'Perform daily routine check on delivery vehicle.', 5, 'bbbbbbbb-bbbb-bbbb-bbbb-bbbbbbbbbbbb', 'open', now(), true),
  ('Weekly: Service Route Validation', 'Validate newly added schools on the route map.', 5, 'bbbbbbbb-bbbb-bbbb-bbbb-bbbbbbbbbbbb', 'open', now() + interval '4 days', true),
  ('Monthly: Log Book Audit', 'Submit the monthly physical log book for audit.', 5, 'bbbbbbbb-bbbb-bbbb-bbbb-bbbbbbbbbbbb', 'open', now() + interval '25 days', true);
